{"cameraMode":{"drawMode":0,"name":"Shaded","section":"Shading Mode"},"sceneLighting":true,"audioPlay":false,"sceneViewState":{"m_AlwaysRefresh":false,"showFog":true,"showSkybox":true,"showFlares":true,"showImageEffects":true,"showParticleSystems":true,"showVisualEffectGraphs":true,"m_FxEnabled":true},"in2DMode":false,"pivot":{"x":60.74394607543945,"y":0.08999975025653839,"z":16.321746826171876},"rotation":{"x":0.17637792229652406,"y":-0.010340911336243153,"z":0.001853414112702012,"w":0.9842994213104248},"size":3.410715103149414,"orthographic":false}